"<img src=""Affenpinscher.jpg"">",Affenpinscher
"<img src=""Afghan Hound.jpg"">",Afghan Hound
"<img src=""Aidi.jpg"">",Aidi
"<img src=""Airedale Terrier.jpg"">",Airedale Terrier
"<img src=""Akbash.jpg"">",Akbash
"<img src=""Akita.jpg"">",Akita
"<img src=""Alano Español.jpg"">",Alano Español
"<img src=""Alaskan husky.jpg"">",Alaskan husky
"<img src=""Alaskan Klee Kai.jpg"">",Alaskan Klee Kai
"<img src=""Alaskan Malamute.jpg"">",Alaskan Malamute
"<img src=""Alpine Dachsbracke.jpg"">",Alpine Dachsbracke
"<img src=""American Bulldog.jpg"">",American Bulldog
"<img src=""American Bully.jpg"">",American Bully
"<img src=""American Cocker Spaniel.jpg"">",American Cocker Spaniel
"<img src=""American English Coonhound.jpg"">",American English Coonhound
"<img src=""American Eskimo Dog.jpg"">",American Eskimo Dog
"<img src=""American Foxhound.jpg"">",American Foxhound
"<img src=""American Hairless Terrier.jpg"">",American Hairless Terrier
"<img src=""American Pit Bull Terrier.jpg"">",American Pit Bull Terrier
"<img src=""American Staffordshire Terrier.jpg"">",American Staffordshire Terrier
"<img src=""American Water Spaniel.jpg"">",American Water Spaniel
"<img src=""Anatolian Shepherd Dog.jpg"">",Anatolian Shepherd Dog
"<img src=""Andalusian Hound.jpg"">",Andalusian Hound
"<img src=""Anglo-Français de Petite Vénerie.jpg"">",Anglo-Français de Petite Vénerie
"<img src=""Appenzeller Sennenhund.jpg"">",Appenzeller Sennenhund
"<img src=""Ariegeois.jpg"">",Ariegeois
"<img src=""Armant.jpg"">",Armant
"<img src=""Armenian Gampr dog.jpg"">",Armenian Gampr dog
"<img src=""Artois Hound.jpg"">",Artois Hound
"<img src=""Australian Cattle Dog.jpg"">",Australian Cattle Dog
"<img src=""Australian Kelpie.jpg"">",Australian Kelpie
"<img src=""Australian Shepherd.jpg"">",Australian Shepherd
"<img src=""Australian Stumpy Tail Cattle Dog.jpg"">",Australian Stumpy Tail Cattle Dog
"<img src=""Australian Terrier.jpg"">",Australian Terrier
"<img src=""Austrian Black and Tan Hound.jpg"">",Austrian Black and Tan Hound
"<img src=""Austrian Pinscher.jpg"">",Austrian Pinscher
"<img src=""Azawakh.jpg"">",Azawakh
"<img src=""Bakharwal dog.jpg"">",Bakharwal dog
"<img src=""Banjara Hound.jpg"">",Banjara Hound
"<img src=""Barbado da Terceira.jpg"">",Barbado da Terceira
"<img src=""Barbet.jpg"">",Barbet
"<img src=""Basenji.jpg"">",Basenji
"<img src=""Basque Shepherd Dog.jpg"">",Basque Shepherd Dog
"<img src=""Basset Artésien Normand.jpg"">",Basset Artésien Normand
"<img src=""Basset Bleu de Gascogne.jpg"">",Basset Bleu de Gascogne
"<img src=""Basset Fauve de Bretagne.jpg"">",Basset Fauve de Bretagne
"<img src=""Basset Hound.jpg"">",Basset Hound
"<img src=""Bavarian Mountain Hound.jpg"">",Bavarian Mountain Hound
"<img src=""Beagle.jpg"">",Beagle
"<img src=""Beagle-Harrier.jpg"">",Beagle-Harrier
"<img src=""Bearded Collie.jpg"">",Bearded Collie
"<img src=""Beauceron.jpg"">",Beauceron
"<img src=""Bedlington Terrier.jpg"">",Bedlington Terrier
"<img src=""Bergamasco Shepherd.jpg"">",Bergamasco Shepherd
"<img src=""Berger Picard.jpg"">",Berger Picard
"<img src=""Bernese Mountain Dog.jpg"">",Bernese Mountain Dog
"<img src=""Bichon Frisé.jpg"">",Bichon Frisé
"<img src=""Billy.jpg"">",Billy
"<img src=""Black and Tan Coonhound.jpg"">",Black and Tan Coonhound
"<img src=""Black Norwegian Elkhound.jpg"">",Black Norwegian Elkhound
"<img src=""Black Russian Terrier.jpg"">",Black Russian Terrier
"<img src=""Black Mouth Cur.jpg"">",Black Mouth Cur
"<img src=""Bloodhound.jpg"">",Bloodhound
"<img src=""Blue Lacy.jpg"">",Blue Lacy
"<img src=""Blue Picardy Spaniel.jpg"">",Blue Picardy Spaniel
"<img src=""Bluetick Coonhound.jpg"">",Bluetick Coonhound
"<img src=""Boerboel.jpg"">",Boerboel
"<img src=""Bohemian Shepherd.jpg"">",Bohemian Shepherd
"<img src=""Bolognese.jpg"">",Bolognese
"<img src=""Border Collie.jpg"">",Border Collie
"<img src=""Border Terrier.jpg"">",Border Terrier
"<img src=""Borzoi.jpg"">",Borzoi
"<img src=""Bosnian Coarse-haired Hound.jpg"">",Bosnian Coarse-haired Hound
"<img src=""Boston Terrier.jpg"">",Boston Terrier
"<img src=""Bouvier des Ardennes.jpg"">",Bouvier des Ardennes
"<img src=""Bouvier des Flandres.jpg"">",Bouvier des Flandres
"<img src=""Boxer.jpg"">",Boxer
"<img src=""Boykin Spaniel.jpg"">",Boykin Spaniel
"<img src=""Bracco Italiano.jpg"">",Bracco Italiano
"<img src=""Braque d'Auvergne.jpg"">",Braque d'Auvergne
"<img src=""Braque de l'Ariège.jpg"">",Braque de l'Ariège
"<img src=""Braque du Bourbonnais.jpg"">",Braque du Bourbonnais
"<img src=""Braque Francais.jpg"">",Braque Francais
"<img src=""Braque Saint-Germain.jpg"">",Braque Saint-Germain
"<img src=""Briard.jpg"">",Briard
"<img src=""Briquet Griffon Vendéen.jpg"">",Briquet Griffon Vendéen
"<img src=""Brittany.jpg"">",Brittany
"<img src=""Broholmer.jpg"">",Broholmer
"<img src=""Bruno Jura Hound.jpg"">",Bruno Jura Hound
"<img src=""Brussels Griffon.jpg"">",Brussels Griffon
"<img src=""Bucovina Shepherd Dog.jpg"">",Bucovina Shepherd Dog
"<img src=""Bull Arab.jpg"">",Bull Arab
"<img src=""Bull Terrier.jpg"">",Bull Terrier
"<img src=""Bulldog.jpg"">",Bulldog
"<img src=""Bullmastiff.jpg"">",Bullmastiff
"<img src=""Bully Kutta.jpg"">",Bully Kutta
"<img src=""Burgos Pointer.jpg"">",Burgos Pointer
"<img src=""Cairn Terrier.jpg"">",Cairn Terrier
"<img src=""Campeiro Bulldog.jpg"">",Campeiro Bulldog
"<img src=""Canaan Dog.jpg"">",Canaan Dog
"<img src=""Canadian Eskimo Dog.jpg"">",Canadian Eskimo Dog
"<img src=""Cane Corso.jpg"">",Cane Corso
"<img src=""Cantabrian Water Dog.jpg"">",Cantabrian Water Dog
"<img src=""Cão da Serra de Aires.jpg"">",Cão da Serra de Aires
"<img src=""Cão de Castro Laboreiro.jpg"">",Cão de Castro Laboreiro
"<img src=""Cão de Gado Transmontano.jpg"">",Cão de Gado Transmontano
"<img src=""Cão Fila de São Miguel.jpg"">",Cão Fila de São Miguel
"<img src=""Cardigan Welsh Corgi.jpg"">",Cardigan Welsh Corgi
"<img src=""Carolina Dog.jpg"">",Carolina Dog
"<img src=""Carpathian Shepherd Dog.jpg"">",Carpathian Shepherd Dog
"<img src=""Catahoula Leopard Dog.jpg"">",Catahoula Leopard Dog
"<img src=""Catalan Sheepdog.jpg"">",Catalan Sheepdog
"<img src=""Caucasian Shepherd Dog.jpg"">",Caucasian Shepherd Dog
"<img src=""Cavalier King Charles Spaniel.jpg"">",Cavalier King Charles Spaniel
"<img src=""Central Asian Shepherd Dog.jpg"">",Central Asian Shepherd Dog
"<img src=""Cesky Fousek.jpg"">",Cesky Fousek
"<img src=""Cesky Terrier.jpg"">",Cesky Terrier
"<img src=""Chesapeake Bay Retriever.jpg"">",Chesapeake Bay Retriever
"<img src=""Chien Français Blanc et Noir.jpg"">",Chien Français Blanc et Noir
"<img src=""Chien Français Blanc et Orange.jpg"">",Chien Français Blanc et Orange
"<img src=""Chien Français Tricolore.jpg"">",Chien Français Tricolore
"<img src=""Chihuahua.jpg"">",Chihuahua
"<img src=""Chilean Terrier.jpg"">",Chilean Terrier
"<img src=""Chinese Chongqing Dog.jpg"">",Chinese Chongqing Dog
"<img src=""Chinese Crested Dog.jpg"">",Chinese Crested Dog
"<img src=""Chinook.jpg"">",Chinook
"<img src=""Chippiparai.jpg"">",Chippiparai
"<img src=""Chow Chow.jpg"">",Chow Chow
"<img src=""Cimarrón Uruguayo.jpg"">",Cimarrón Uruguayo
"<img src=""Cirneco dell'Etna.jpg"">",Cirneco dell'Etna
"<img src=""Clumber Spaniel.jpg"">",Clumber Spaniel
"<img src=""Combai.jpg"">",Combai
"<img src=""Colombian fino hound.jpg"">",Colombian fino hound
"<img src=""Coton de Tulear.jpg"">",Coton de Tulear
"<img src=""Cretan Hound.jpg"">",Cretan Hound
"<img src=""Croatian Sheepdog.jpg"">",Croatian Sheepdog
"<img src=""Curly-Coated Retriever.jpg"">",Curly-Coated Retriever
"<img src=""Cursinu.jpg"">",Cursinu
"<img src=""Czechoslovakian Wolfdog.jpg"">",Czechoslovakian Wolfdog
"<img src=""Dachshund.jpg"">",Dachshund
"<img src=""Dalmatian.jpg"">",Dalmatian
"<img src=""Dandie Dinmont Terrier.jpg"">",Dandie Dinmont Terrier
"<img src=""Danish-Swedish Farmdog.jpg"">",Danish-Swedish Farmdog
"<img src=""Dingo.jpg"">",Dingo
"<img src=""Doberman Pinscher.jpg"">",Doberman Pinscher
"<img src=""Dogo Argentino.jpg"">",Dogo Argentino
"<img src=""Dogo Guatemalteco.jpg"">",Dogo Guatemalteco
"<img src=""Dogue Brasileiro.jpg"">",Dogue Brasileiro
"<img src=""Dogue de Bordeaux.jpg"">",Dogue de Bordeaux
"<img src=""Drentse Patrijshond.jpg"">",Drentse Patrijshond
"<img src=""Drever.jpg"">",Drever
"<img src=""Dunker.jpg"">",Dunker
"<img src=""Dutch Shepherd.jpg"">",Dutch Shepherd
"<img src=""Dutch Smoushond.jpg"">",Dutch Smoushond
"<img src=""East Siberian Laika.jpg"">",East Siberian Laika
"<img src=""East European Shepherd.jpg"">",East European Shepherd
"<img src=""English Cocker Spaniel.jpg"">",English Cocker Spaniel
"<img src=""English Foxhound.jpg"">",English Foxhound
"<img src=""English Mastiff.jpg"">",English Mastiff
"<img src=""English Setter.jpg"">",English Setter
"<img src=""English Shepherd.jpg"">",English Shepherd
"<img src=""English Springer Spaniel.jpg"">",English Springer Spaniel
"<img src=""English Toy Terrier (Black & Tan).jpg"">",English Toy Terrier (Black & Tan)
"<img src=""Entlebucher Mountain Dog.jpg"">",Entlebucher Mountain Dog
"<img src=""Estonian Hound.jpg"">",Estonian Hound
"<img src=""Estrela Mountain Dog.jpg"">",Estrela Mountain Dog
"<img src=""Eurasier.jpg"">",Eurasier
"<img src=""Field Spaniel.jpg"">",Field Spaniel
"<img src=""Fila Brasileiro.jpg"">",Fila Brasileiro
"<img src=""Fila da Terceira.jpg"">",Fila da Terceira
"<img src=""Finnish Hound.jpg"">",Finnish Hound
"<img src=""Finnish Lapphund.jpg"">",Finnish Lapphund
"<img src=""Finnish Spitz.jpg"">",Finnish Spitz
"<img src=""Flat-Coated Retriever.jpg"">",Flat-Coated Retriever
"<img src=""French Bulldog.jpg"">",French Bulldog
"<img src=""French Spaniel.jpg"">",French Spaniel
"<img src=""Galgo Español.jpg"">",Galgo Español
"<img src=""Galician Shepherd Dog.jpg"">",Galician Shepherd Dog
"<img src=""Garafian Shepherd.jpg"">",Garafian Shepherd
"<img src=""Gascon Saintongeois.jpg"">",Gascon Saintongeois
"<img src=""Georgian Shepherd.jpg"">",Georgian Shepherd
"<img src=""German Hound.jpg"">",German Hound
"<img src=""German Longhaired Pointer.jpg"">",German Longhaired Pointer
"<img src=""German Pinscher.jpg"">",German Pinscher
"<img src=""German Roughhaired Pointer.jpg"">",German Roughhaired Pointer
"<img src=""German Shepherd Dog.jpg"">",German Shepherd Dog
"<img src=""German Shorthaired Pointer.jpg"">",German Shorthaired Pointer
"<img src=""German Spaniel.jpg"">",German Spaniel
"<img src=""German Spitz.jpg"">",German Spitz
"<img src=""German Wirehaired Pointer.jpg"">",German Wirehaired Pointer
"<img src=""Giant Schnauzer.jpg"">",Giant Schnauzer
"<img src=""Glen of Imaal Terrier.jpg"">",Glen of Imaal Terrier
"<img src=""Golden Retriever.jpg"">",Golden Retriever
"<img src=""Gończy Polski.jpg"">",Gończy Polski
"<img src=""Gordon Setter.jpg"">",Gordon Setter
"<img src=""Gran Mastín de Borínquen.jpg"">",Gran Mastín de Borínquen
"<img src=""Grand Anglo-Français Blanc et Noir.jpg"">",Grand Anglo-Français Blanc et Noir
"<img src=""Grand Anglo-Français Blanc et Orange.jpg"">",Grand Anglo-Français Blanc et Orange
"<img src=""Grand Anglo-Français Tricolore.jpg"">",Grand Anglo-Français Tricolore
"<img src=""Grand Basset Griffon Vendéen.jpg"">",Grand Basset Griffon Vendéen
"<img src=""Grand Bleu de Gascogne.jpg"">",Grand Bleu de Gascogne
"<img src=""Grand Griffon Vendéen.jpg"">",Grand Griffon Vendéen
"<img src=""Great Dane.jpg"">",Great Dane
"<img src=""Great Pyrenees.jpg"">",Great Pyrenees
"<img src=""Greater Swiss Mountain Dog.jpg"">",Greater Swiss Mountain Dog
"<img src=""Greek Harehound.jpg"">",Greek Harehound
"<img src=""Greek Shepherd.jpg"">",Greek Shepherd
"<img src=""Greenland Dog.jpg"">",Greenland Dog
"<img src=""Greyhound.jpg"">",Greyhound
"<img src=""Griffon Bleu de Gascogne.jpg"">",Griffon Bleu de Gascogne
"<img src=""Griffon Fauve de Bretagne.jpg"">",Griffon Fauve de Bretagne
"<img src=""Griffon Nivernais.jpg"">",Griffon Nivernais
"<img src=""Groenendael.jpg"">",Groenendael
"<img src=""Gull Terrier.jpg"">",Gull Terrier
"<img src=""Hamiltonstövare.jpg"">",Hamiltonstövare
"<img src=""Hanover Hound.jpg"">",Hanover Hound
"<img src=""Harrier.jpg"">",Harrier
"<img src=""Havanese.jpg"">",Havanese
"<img src=""Himalayan Sheepdog.jpg"">",Himalayan Sheepdog
"<img src=""Hokkaido.jpg"">",Hokkaido
"<img src=""Hortaya borzaya.jpg"">",Hortaya borzaya
"<img src=""Hovawart.jpg"">",Hovawart
"<img src=""Huntaway.jpg"">",Huntaway
"<img src=""Hygen Hound.jpg"">",Hygen Hound
"<img src=""Ibizan Hound.jpg"">",Ibizan Hound
"<img src=""Icelandic Sheepdog.jpg"">",Icelandic Sheepdog
"<img src=""Indian pariah dog.jpg"">",Indian pariah dog
"<img src=""Indian Spitz.jpg"">",Indian Spitz
"<img src=""Irish Red and White Setter.jpg"">",Irish Red and White Setter
"<img src=""Irish Setter.jpg"">",Irish Setter
"<img src=""Irish Terrier.jpg"">",Irish Terrier
"<img src=""Irish Water Spaniel.jpg"">",Irish Water Spaniel
"<img src=""Irish Wolfhound.jpg"">",Irish Wolfhound
"<img src=""Istrian Coarse-haired Hound.jpg"">",Istrian Coarse-haired Hound
"<img src=""Istrian Shorthaired Hound.jpg"">",Istrian Shorthaired Hound
"<img src=""Italian Greyhound.jpg"">",Italian Greyhound
"<img src=""Jack Russell Terrier.jpg"">",Jack Russell Terrier
"<img src=""Jagdterrier.jpg"">",Jagdterrier
"<img src=""Japanese Chin.jpg"">",Japanese Chin
"<img src=""Japanese Spitz.jpg"">",Japanese Spitz
"<img src=""Japanese Terrier.jpg"">",Japanese Terrier
"<img src=""Jindo.jpg"">",Jindo
"<img src=""Jonangi.jpg"">",Jonangi
"<img src=""Kai Ken.jpg"">",Kai Ken
"<img src=""Kangal Shepherd Dog.jpg"">",Kangal Shepherd Dog
"<img src=""Kanni.jpg"">",Kanni
"<img src=""Karakachan dog.jpg"">",Karakachan dog
"<img src=""Karelian Bear Dog.jpg"">",Karelian Bear Dog
"<img src=""Karst Shepherd.jpg"">",Karst Shepherd
"<img src=""Keeshond.jpg"">",Keeshond
"<img src=""Kerry Beagle.jpg"">",Kerry Beagle
"<img src=""Kerry Blue Terrier.jpg"">",Kerry Blue Terrier
"<img src=""King Charles Spaniel.jpg"">",King Charles Spaniel
"<img src=""King Shepherd.jpg"">",King Shepherd
"<img src=""Kintamani.jpg"">",Kintamani
"<img src=""Kishu.jpg"">",Kishu
"<img src=""Kokoni.jpg"">",Kokoni
"<img src=""Komondor.jpg"">",Komondor
"<img src=""Kooikerhondje.jpg"">",Kooikerhondje
"<img src=""Koolie.jpg"">",Koolie
"<img src=""Koyun dog.jpg"">",Koyun dog
"<img src=""Kromfohrländer.jpg"">",Kromfohrländer
"<img src=""Kuchi.jpg"">",Kuchi
"<img src=""Kumaon Mastiff.jpg"">",Kumaon Mastiff
"<img src=""Kunming wolfdog.jpg"">",Kunming wolfdog
"<img src=""Kuvasz.jpg"">",Kuvasz
"<img src=""Labrador Retriever.jpg"">",Labrador Retriever
"<img src=""Laekenois.jpg"">",Laekenois
"<img src=""Lagotto Romagnolo.jpg"">",Lagotto Romagnolo
"<img src=""Lakeland Terrier.jpg"">",Lakeland Terrier
"<img src=""Lancashire Heeler.jpg"">",Lancashire Heeler
"<img src=""Landseer.jpg"">",Landseer
"<img src=""Lapponian Herder.jpg"">",Lapponian Herder
"<img src=""Lapponian Shepherd.jpg"">",Lapponian Shepherd
"<img src=""Large Münsterländer.jpg"">",Large Münsterländer
"<img src=""Leonberger.jpg"">",Leonberger
"<img src=""Lhasa Apso.jpg"">",Lhasa Apso
"<img src=""Lithuanian Hound.jpg"">",Lithuanian Hound
"<img src=""Löwchen.jpg"">",Löwchen
"<img src=""Lupo Italiano.jpg"">",Lupo Italiano
"<img src=""Mackenzie River husky.jpg"">",Mackenzie River husky
"<img src=""Magyar agár.jpg"">",Magyar agár
"<img src=""Mahratta Greyhound.jpg"">",Mahratta Greyhound
"<img src=""Malinois.jpg"">",Malinois
"<img src=""Maltese.jpg"">",Maltese
"<img src=""Manchester Terrier.jpg"">",Manchester Terrier
"<img src=""Maremma Sheepdog.jpg"">",Maremma Sheepdog
"<img src=""McNab dog.jpg"">",McNab dog
"<img src=""Miniature American Shepherd.jpg"">",Miniature American Shepherd
"<img src=""Miniature Bull Terrier.jpg"">",Miniature Bull Terrier
"<img src=""Miniature Fox Terrier.jpg"">",Miniature Fox Terrier
"<img src=""Miniature Pinscher.jpg"">",Miniature Pinscher
"<img src=""Miniature Schnauzer.jpg"">",Miniature Schnauzer
"<img src=""Miniature Shar Pei.jpg"">",Miniature Shar Pei
"<img src=""Montenegrin Mountain Hound.jpg"">",Montenegrin Mountain Hound
"<img src=""Mountain Cur.jpg"">",Mountain Cur
"<img src=""Mucuchies.jpg"">",Mucuchies
"<img src=""Mudhol Hound.jpg"">",Mudhol Hound
"<img src=""Mudi.jpg"">",Mudi
"<img src=""Neapolitan Mastiff.jpg"">",Neapolitan Mastiff
"<img src=""Newfoundland.jpg"">",Newfoundland
"<img src=""New Zealand Heading Dog.jpg"">",New Zealand Heading Dog
"<img src=""Norfolk Terrier.jpg"">",Norfolk Terrier
"<img src=""Norrbottenspets.jpg"">",Norrbottenspets
"<img src=""Northern Inuit Dog.jpg"">",Northern Inuit Dog
"<img src=""Norwegian Buhund.jpg"">",Norwegian Buhund
"<img src=""Norwegian Elkhound.jpg"">",Norwegian Elkhound
"<img src=""Norwegian Lundehund.jpg"">",Norwegian Lundehund
"<img src=""Norwich Terrier.jpg"">",Norwich Terrier
"<img src=""Nova Scotia Duck Tolling Retriever.jpg"">",Nova Scotia Duck Tolling Retriever
"<img src=""Old Croatian Sighthound.jpg"">",Old Croatian Sighthound
"<img src=""Old Danish Pointer.jpg"">",Old Danish Pointer
"<img src=""Old English Sheepdog.jpg"">",Old English Sheepdog
"<img src=""Old English Terrier.jpg"">",Old English Terrier
"<img src=""Olde English Bulldogge.jpg"">",Olde English Bulldogge
"<img src=""Original Fila Brasileiro.jpg"">",Original Fila Brasileiro
"<img src=""Otterhound.jpg"">",Otterhound
"<img src=""Pachon Navarro.jpg"">",Pachon Navarro
"<img src=""Pandikona.jpg"">",Pandikona
"<img src=""Paisley Terrier.jpg"">",Paisley Terrier
"<img src=""Papillon.jpg"">",Papillon
"<img src=""Parson Russell Terrier.jpg"">",Parson Russell Terrier
"<img src=""Pastore della Lessinia e del Lagorai.jpg"">",Pastore della Lessinia e del Lagorai
"<img src=""Patagonian Sheepdog.jpg"">",Patagonian Sheepdog
"<img src=""Patterdale Terrier.jpg"">",Patterdale Terrier
"<img src=""Pekingese.jpg"">",Pekingese
"<img src=""Pembroke Welsh Corgi.jpg"">",Pembroke Welsh Corgi
"<img src=""Perro de Pastor Mallorquin.jpg"">",Perro de Pastor Mallorquin
"<img src=""Perro de Presa Canario.jpg"">",Perro de Presa Canario
"<img src=""Perro de Presa Mallorquin.jpg"">",Perro de Presa Mallorquin
"<img src=""Peruvian Inca Orchid.jpg"">",Peruvian Inca Orchid
"<img src=""Petit Basset Griffon Vendéen.jpg"">",Petit Basset Griffon Vendéen
"<img src=""Petit Bleu de Gascogne.jpg"">",Petit Bleu de Gascogne
"<img src=""Phalène.jpg"">",Phalène
"<img src=""Pharaoh Hound.jpg"">",Pharaoh Hound
"<img src=""Phu Quoc Ridgeback.jpg"">",Phu Quoc Ridgeback
"<img src=""Picardy Spaniel.jpg"">",Picardy Spaniel
"<img src=""Plummer Terrier.jpg"">",Plummer Terrier
"<img src=""Plott Hound.jpg"">",Plott Hound
"<img src=""Podenco Canario.jpg"">",Podenco Canario
"<img src=""Pointer.jpg"">",Pointer
"<img src=""Poitevin.jpg"">",Poitevin
"<img src=""Polish Greyhound.jpg"">",Polish Greyhound
"<img src=""Polish Hound.jpg"">",Polish Hound
"<img src=""Polish Lowland Sheepdog.jpg"">",Polish Lowland Sheepdog
"<img src=""Polish Tatra Sheepdog.jpg"">",Polish Tatra Sheepdog
"<img src=""Pomeranian.jpg"">",Pomeranian
"<img src=""Pont-Audemer Spaniel.jpg"">",Pont-Audemer Spaniel
"<img src=""Poodle.jpg"">",Poodle
"<img src=""Porcelaine.jpg"">",Porcelaine
"<img src=""Portuguese Podengo.jpg"">",Portuguese Podengo
"<img src=""Portuguese Pointer.jpg"">",Portuguese Pointer
"<img src=""Portuguese Water Dog.jpg"">",Portuguese Water Dog
"<img src=""Posavac Hound.jpg"">",Posavac Hound
"<img src=""Potsdam Greyhound.jpg"">",Potsdam Greyhound
"<img src=""Pražský Krysařík.jpg"">",Pražský Krysařík
"<img src=""Pudelpointer.jpg"">",Pudelpointer
"<img src=""Pug.jpg"">",Pug
"<img src=""Puli.jpg"">",Puli
"<img src=""Pumi.jpg"">",Pumi
"<img src=""Pungsan dog.jpg"">",Pungsan dog
"<img src=""Pyrenean Mastiff.jpg"">",Pyrenean Mastiff
"<img src=""Pyrenean Shepherd.jpg"">",Pyrenean Shepherd
"<img src=""Rafeiro do Alentejo.jpg"">",Rafeiro do Alentejo
"<img src=""Rajapalayam.jpg"">",Rajapalayam
"<img src=""Rampur Greyhound.jpg"">",Rampur Greyhound
"<img src=""Rastreador Brasileiro.jpg"">",Rastreador Brasileiro
"<img src=""Rat Terrier.jpg"">",Rat Terrier
"<img src=""Ratonero Bodeguero Andaluz.jpg"">",Ratonero Bodeguero Andaluz
"<img src=""Ratonero Mallorquin.jpg"">",Ratonero Mallorquin
"<img src=""Ratonero Murciano de Huerta.jpg"">",Ratonero Murciano de Huerta
"<img src=""Ratonero Valenciano.jpg"">",Ratonero Valenciano
"<img src=""Redbone Coonhound.jpg"">",Redbone Coonhound
"<img src=""Rhodesian Ridgeback.jpg"">",Rhodesian Ridgeback
"<img src=""Romanian Mioritic Shepherd Dog.jpg"">",Romanian Mioritic Shepherd Dog
"<img src=""Romanian Raven Shepherd Dog.jpg"">",Romanian Raven Shepherd Dog
"<img src=""Rottweiler.jpg"">",Rottweiler
"<img src=""Rough Collie.jpg"">",Rough Collie
"<img src=""Russian Spaniel.jpg"">",Russian Spaniel
"<img src=""Russian Toy.jpg"">",Russian Toy
"<img src=""Russo-European Laika.jpg"">",Russo-European Laika
"<img src=""Russell Terrier.jpg"">",Russell Terrier
"<img src=""Saarloos Wolfdog.jpg"">",Saarloos Wolfdog
"<img src=""Sabueso Español.jpg"">",Sabueso Español
"<img src=""Saint Bernard.jpg"">",Saint Bernard
"<img src=""Saint Hubert Jura Hound.jpg"">",Saint Hubert Jura Hound
"<img src=""Saint-Usuge Spaniel.jpg"">",Saint-Usuge Spaniel
"<img src=""Saluki.jpg"">",Saluki
"<img src=""Samoyed.jpg"">",Samoyed
"<img src=""Sapsali.jpg"">",Sapsali
"<img src=""Sarabi dog.jpg"">",Sarabi dog
"<img src=""Šarplaninac.jpg"">",Šarplaninac
"<img src=""Schapendoes.jpg"">",Schapendoes
"<img src=""Schillerstövare.jpg"">",Schillerstövare
"<img src=""Schipperke.jpg"">",Schipperke
"<img src=""Schweizer Laufhund.jpg"">",Schweizer Laufhund
"<img src=""Schweizerischer Niederlaufhund.jpg"">",Schweizerischer Niederlaufhund
"<img src=""Scotch Collie.jpg"">",Scotch Collie
"<img src=""Scottish Deerhound.jpg"">",Scottish Deerhound
"<img src=""Scottish Terrier.jpg"">",Scottish Terrier
"<img src=""Sealyham Terrier.jpg"">",Sealyham Terrier
"<img src=""Segugio Italiano.jpg"">",Segugio Italiano
"<img src=""Seppala Siberian Sleddog.jpg"">",Seppala Siberian Sleddog
"<img src=""Serbian Hound.jpg"">",Serbian Hound
"<img src=""Serbian Tricolour Hound.jpg"">",Serbian Tricolour Hound
"<img src=""Serrano Bulldog.jpg"">",Serrano Bulldog
"<img src=""Shar Pei.jpg"">",Shar Pei
"<img src=""Shetland Sheepdog.jpg"">",Shetland Sheepdog
"<img src=""Shiba Inu.jpg"">",Shiba Inu
"<img src=""Shih Tzu.jpg"">",Shih Tzu
"<img src=""Shikoku.jpg"">",Shikoku
"<img src=""Shiloh Shepherd.jpg"">",Shiloh Shepherd
"<img src=""Siberian Husky.jpg"">",Siberian Husky
"<img src=""Silken Windhound.jpg"">",Silken Windhound
"<img src=""Silky Terrier.jpg"">",Silky Terrier
"<img src=""Sinhala Hound.jpg"">",Sinhala Hound
"<img src=""Skye Terrier.jpg"">",Skye Terrier
"<img src=""Sloughi.jpg"">",Sloughi
"<img src=""Slovakian Wirehaired Pointer.jpg"">",Slovakian Wirehaired Pointer
"<img src=""Slovenský cuvac.jpg"">",Slovenský cuvac
"<img src=""Slovenský kopov.jpg"">",Slovenský kopov
"<img src=""Smalandstövare.jpg"">",Smalandstövare
"<img src=""Small Greek domestic dog.jpg"">",Small Greek domestic dog
"<img src=""Small Münsterländer.jpg"">",Small Münsterländer
"<img src=""Smooth Collie.jpg"">",Smooth Collie
"<img src=""Smooth Fox Terrier.jpg"">",Smooth Fox Terrier
"<img src=""Soft-Coated Wheaten Terrier.jpg"">",Soft-Coated Wheaten Terrier
"<img src=""South Russian Ovcharka.jpg"">",South Russian Ovcharka
"<img src=""Spanish Mastiff.jpg"">",Spanish Mastiff
"<img src=""Spanish Water Dog.jpg"">",Spanish Water Dog
"<img src=""Spinone Italiano.jpg"">",Spinone Italiano
"<img src=""Sporting Lucas Terrier.jpg"">",Sporting Lucas Terrier
"<img src=""Stabyhoun.jpg"">",Stabyhoun
"<img src=""Staffordshire Bull Terrier.jpg"">",Staffordshire Bull Terrier
"<img src=""Standard Schnauzer.jpg"">",Standard Schnauzer
"<img src=""Stephens Cur.jpg"">",Stephens Cur
"<img src=""Styrian Coarse-haired Hound.jpg"">",Styrian Coarse-haired Hound
"<img src=""Sussex Spaniel.jpg"">",Sussex Spaniel
"<img src=""Swedish Elkhound.jpg"">",Swedish Elkhound
"<img src=""Swedish Lapphund.jpg"">",Swedish Lapphund
"<img src=""Swedish Vallhund.jpg"">",Swedish Vallhund
"<img src=""Tahltan Bear Dog.jpg"">",Tahltan Bear Dog
"<img src=""Taigan.jpg"">",Taigan
"<img src=""Taiwan Dog.jpg"">",Taiwan Dog
"<img src=""Tamaskan Dog.jpg"">",Tamaskan Dog
"<img src=""Teddy Roosevelt Terrier.jpg"">",Teddy Roosevelt Terrier
"<img src=""Telomian.jpg"">",Telomian
"<img src=""Tenterfield Terrier.jpg"">",Tenterfield Terrier
"<img src=""Terrier Brasileiro.jpg"">",Terrier Brasileiro
"<img src=""Tervuren.jpg"">",Tervuren
"<img src=""Thai Bangkaew Dog.jpg"">",Thai Bangkaew Dog
"<img src=""Thai Ridgeback.jpg"">",Thai Ridgeback
"<img src=""Tibetan Mastiff.jpg"">",Tibetan Mastiff
"<img src=""Tibetan Spaniel.jpg"">",Tibetan Spaniel
"<img src=""Tibetan Terrier.jpg"">",Tibetan Terrier
"<img src=""Tornjak.jpg"">",Tornjak
"<img src=""Tosa.jpg"">",Tosa
"<img src=""Toy Fox Terrier.jpg"">",Toy Fox Terrier
"<img src=""Toy Manchester Terrier.jpg"">",Toy Manchester Terrier
"<img src=""Transylvanian Hound.jpg"">",Transylvanian Hound
"<img src=""Treeing Cur.jpg"">",Treeing Cur
"<img src=""Treeing Tennessee Brindle.jpg"">",Treeing Tennessee Brindle
"<img src=""Treeing Walker Coonhound.jpg"">",Treeing Walker Coonhound
"<img src=""Trigg Hound.jpg"">",Trigg Hound
"<img src=""Tyrolean Hound.jpg"">",Tyrolean Hound
"<img src=""Villano de Las Encartaciones.jpg"">",Villano de Las Encartaciones
"<img src=""Villanuco de Las Encartaciones.jpg"">",Villanuco de Las Encartaciones
"<img src=""Vizsla.jpg"">",Vizsla
"<img src=""Volpino Italiano.jpg"">",Volpino Italiano
"<img src=""Weimaraner.jpg"">",Weimaraner
"<img src=""Welsh Sheepdog.jpg"">",Welsh Sheepdog
"<img src=""Welsh Springer Spaniel.jpg"">",Welsh Springer Spaniel
"<img src=""Welsh Terrier.jpg"">",Welsh Terrier
"<img src=""West Highland White Terrier.jpg"">",West Highland White Terrier
"<img src=""West Siberian Laika.jpg"">",West Siberian Laika
"<img src=""Westphalian Dachsbracke.jpg"">",Westphalian Dachsbracke
"<img src=""Wetterhoun.jpg"">",Wetterhoun
"<img src=""Whippet.jpg"">",Whippet
"<img src=""White Shepherd.jpg"">",White Shepherd
"<img src=""White Swiss Shepherd Dog.jpg"">",White Swiss Shepherd Dog
"<img src=""Wire Fox Terrier.jpg"">",Wire Fox Terrier
"<img src=""Wirehaired Pointing Griffon.jpg"">",Wirehaired Pointing Griffon
"<img src=""Wirehaired Vizsla.jpg"">",Wirehaired Vizsla
"<img src=""Xiasi Dog.jpg"">",Xiasi Dog
"<img src=""Xoloitzcuintli.jpg"">",Xoloitzcuintli
"<img src=""Yakutian Laika.jpg"">",Yakutian Laika
"<img src=""Yorkshire Terrier.jpg"">",Yorkshire Terrier
